You are a Aardvark (Orycteropus afer) - https://a-z-animals.com/media/animals/images/original/aardvark_1.jpg
You are a Abyssinian - https://a-z-animals.com/media/animals/images/original/abyssinian2.jpg
You are a Adelie Penguin (Pygoscelis adeliae) - https://a-z-animals.com/media/animals/images/original/adelie_penguin2.jpg
You are a Affenpinscher - https://a-z-animals.com/media/animals/images/original/affenpinscher_dog.jpeg
You are a Afghan Hound - https://a-z-animals.com/media/animals/images/original/afghan_hound1.jpg
You are a African Bush Elephant (Loxodonta africana africana) - https://a-z-animals.com/media/animals/images/original/african_bush_elephant1.jpg
You are a African Civet (Civettictis civetta) - https://a-z-animals.com/media/animals/images/original/african_civet4.jpg
You are a African Clawed Frog (Xenopus laevis) - https://a-z-animals.com/media/animals/images/original/african_clawed_frog7.jpg
You are a African Forest Elephant (Loxodonta cyclotis) - https://a-z-animals.com/media/animals/images/original/african_elephant.jpg
You are a African Palm Civet (Nandinia binotata) - https://a-z-animals.com/media/animals/images/original/african_palm_civet.jpg
You are a African Penguin (Spheniscus demersus) - https://a-z-animals.com/media/animals/images/original/african_penguin3.jpg
You are a African Tree Toad (Nectophryne afra) - https://a-z-animals.com/media/animals/images/original/african_tree_toad.jpg
You are a African Wild Dog (Lycaon pictus) - https://a-z-animals.com/media/animals/images/original/african_wild_dog4.jpg
You are a Ainu Dog - https://a-z-animals.com/media/animals/images/original/ainu_dog.jpg
You are a Airedale Terrier  - https://a-z-animals.com/media/animals/images/original/airedale_terrier.jpg
You are a Akbash - https://a-z-animals.com/media/animals/images/original/akbash_dog1.jpg
You are a Akita - https://a-z-animals.com/media/animals/images/original/akita_dog.jpg
You are a Alaskan Malamute - https://a-z-animals.com/media/animals/images/original/alaskan_malamute6.jpg
You are a Albatross (Diomedeidae) - https://a-z-animals.com/media/animals/images/original/albatross3.jpg
You are a Aldabra Giant Tortoise (Geochelone gigantea) - https://a-z-animals.com/media/animals/images/original/aldabra_giant_tortoise5.jpg
You are a Alligator (Alligator mississippiensis) - https://a-z-animals.com/media/animals/images/original/alligator6.jpg
You are a Alpine Dachsbracke - https://a-z-animals.com/media/animals/images/original/alpine_dachsbracke1.jpg
You are a American Bulldog - https://a-z-animals.com/media/animals/images/original/american_bulldog.jpg
You are a American Cocker Spaniel - https://a-z-animals.com/media/animals/images/original/american_cocker_spaniel1.jpg
You are a American Coonhound - https://a-z-animals.com/media/animals/images/original/american_coonhound2.jpg
You are a American Eskimo Dog - https://a-z-animals.com/media/animals/images/original/american_eskimo_dog3.jpg
You are a American Foxhound - https://a-z-animals.com/media/animals/images/original/american_foxhound2.jpg
You are a American Pit Bull Terrier - https://a-z-animals.com/media/animals/images/original/american_pit_bull_terrier.jpg
You are a American Staffordshire Terrier - https://a-z-animals.com/media/animals/images/original/american_staffordshire_terrier2.jpg
You are a American Water Spaniel - https://a-z-animals.com/media/animals/images/original/american_water_spaniel1.jpg
You are a Anatolian Shepherd Dog - https://a-z-animals.com/media/animals/images/original/anatolian_shepherd_dog.jpg
You are a Angelfish (Pomacanthidae) - https://a-z-animals.com/media/animals/images/original/angelfish11.jpg
You are a Ant (Formicidae) - https://a-z-animals.com/media/animals/images/original/ant.jpg
You are a Anteater (Myrmecophaga Tridactyla) - https://a-z-animals.com/media/animals/images/original/anteater3.jpg
You are a Antelope (Alcelaphinae) - https://a-z-animals.com/media/animals/images/original/antelope3.jpg
You are a Appenzeller Dog - https://a-z-animals.com/media/animals/images/original/appenzeller_dog1.jpg
You are a Arctic Fox (Alopex Lagopus) - https://a-z-animals.com/media/animals/images/original/arctic_fox10.jpg
You are a Arctic Hare (Lepus Arcticus) - https://a-z-animals.com/media/animals/images/original/arctic_hare1.jpg
You are a Arctic Wolf (Canus Lupus Arcticus) - https://a-z-animals.com/media/animals/images/original/arctic_wolf2.jpg
You are a Armadillo (Dasypodidae) - https://a-z-animals.com/media/animals/images/original/armadillo.jpg
You are a Asian Elephant (Elephas Maximus) - https://a-z-animals.com/media/animals/images/original/asian_elephant3.jpg
You are a Asian Giant Hornet (Vespa mandarinia) - https://a-z-animals.com/media/animals/images/original/asian_giant_hornet4.jpg
You are a Asian Palm Civet (Paradoxurus Hermaphroditus) - https://a-z-animals.com/media/animals/images/original/asian_palm_civet2.jpg
You are a Asiatic Black Bear (Ursus tibetanus) - https://a-z-animals.com/media/animals/images/original/asian_black_bear5.jpg
You are a Australian Cattle Dog - https://a-z-animals.com/media/animals/images/original/australian_cattle_dog1.jpg
You are a Australian Kelpie Dog - https://a-z-animals.com/media/animals/images/original/australian_kelpie_dog.jpg
You are a Australian Mist - https://a-z-animals.com/media/animals/images/original/australian_mist1.jpg
You are a Australian Shepherd - https://a-z-animals.com/media/animals/images/original/australian_shepherd1.jpg
You are a Australian Terrier - https://a-z-animals.com/media/animals/images/original/australian_terrier1.jpg
You are a Avocet (Recurvirostra) - https://a-z-animals.com/media/animals/images/original/avocet.jpg
You are a Axolotl (Ambystoma Mexicanum) - https://a-z-animals.com/media/animals/images/original/axolotl6.jpg
You are a Aye Aye  (Daubentonia madagascariensis) - https://a-z-animals.com/media/animals/images/original/aye_aye_.jpg
You are a Baboon (Papio) - https://a-z-animals.com/media/animals/images/original/baboon3.jpg
You are a Bactrian Camel (Camelus Bactrianus) - https://a-z-animals.com/media/animals/images/original/bactrian_camel2.jpg
You are a Badger (Taxidea Taxus) - https://a-z-animals.com/media/animals/images/original/badger2.jpg
You are a Balinese - https://a-z-animals.com/media/animals/images/original/balinese4.jpg
You are a Banded Palm Civet (Hemigalus Derbyanus) - https://a-z-animals.com/media/animals/images/original/banded_palm_civet.jpg
You are a Bandicoot (Perameles) - https://a-z-animals.com/media/animals/images/original/bandicoot.jpg
You are a Barb (Barbus Barbus) - https://a-z-animals.com/media/animals/images/original/barb3.jpg
You are a Barn Owl (Tyto Alba) - https://a-z-animals.com/media/animals/images/original/barn_owl1.jpg
You are a Barnacle (Cirripedia) - https://a-z-animals.com/media/animals/images/original/barnacle2.jpg
You are a Barracuda (Sphyraena) - https://a-z-animals.com/media/animals/images/original/barracuda4.jpg
You are a Basenji Dog - https://a-z-animals.com/media/animals/images/original/basenji_dog.jpg
You are a Basking Shark (Cetorhinus Maximus) - https://a-z-animals.com/media/animals/images/original/basking_shark.jpg
You are a Basset Hound - https://a-z-animals.com/media/animals/images/original/basset_hound1.jpg
You are a Bat (Chiroptera) - https://a-z-animals.com/media/animals/images/original/bat4.jpg
You are a Bavarian Mountain Hound - https://a-z-animals.com/media/animals/images/original/bavarian_mountain_hound3.jpg
You are a Beagle - https://a-z-animals.com/media/animals/images/original/beagle1.jpg
You are a Bear (Ursidae) - https://a-z-animals.com/media/animals/images/original/bear2.jpg
You are a Bearded Collie - https://a-z-animals.com/media/animals/images/original/bearded_collie4.jpg
You are a Bearded Dragon (Pogona Vitticeps) - https://a-z-animals.com/media/animals/images/original/dragon3.jpg
You are a Beaver (Castor Canadensis) - https://a-z-animals.com/media/animals/images/original/beaver3.jpg
You are a Bedlington Terrier - https://a-z-animals.com/media/animals/images/original/bedlington_terrier.jpeg
You are a Beetle (Coleoptera) - https://a-z-animals.com/media/animals/images/original/beetle.jpg
You are a Bengal Tiger (Panthera Tigris Tigris) - https://a-z-animals.com/media/animals/images/original/bengal_tiger4.jpg
You are a Bernese Mountain Dog - https://a-z-animals.com/media/animals/images/original/bernese_mountain_dog.jpg
You are a Bichon Frise - https://a-z-animals.com/media/animals/images/original/bichon_frise2.jpg
You are a Binturong (Arctictis binturong) - https://a-z-animals.com/media/animals/images/original/binturong.jpg
You are a Bird - https://a-z-animals.com/media/animals/images/original/bird17.jpg
You are a Birds Of Paradise (Paradisaeidae) - https://a-z-animals.com/media/animals/images/original/birds_of_paradise3.jpg
You are a Birman - https://a-z-animals.com/media/animals/images/original/birman2.jpg
You are a Bison (Bison Bison) - https://a-z-animals.com/media/animals/images/original/bison3.jpg
You are a Black Bear (Ursus americanus) - https://a-z-animals.com/media/animals/images/original/black_bear.jpg
You are a Black Rhinoceros (Diceros Bicornis) - https://a-z-animals.com/media/animals/images/original/black_rhinoceros1.jpg
You are a Black Russian Terrier - https://a-z-animals.com/media/animals/images/original/black_russian_terrier1.jpg
You are a Black Widow Spider (Latrodectus) - https://a-z-animals.com/media/animals/images/original/black_widow_spider5.jpg
You are a Bloodhound - https://a-z-animals.com/media/animals/images/original/bloodhound2.jpg
You are a Blue Lacy Dog - https://a-z-animals.com/media/animals/images/original/blue_lacy_dog1.jpg
You are a Blue Whale (Balsenoptera musculus) - https://a-z-animals.com/media/animals/images/original/blue_whale6.jpg
You are a Bluetick Coonhound - https://a-z-animals.com/media/animals/images/original/bluetick_coonhound.jpg
You are a Bobcat (Lynx rufus) - https://a-z-animals.com/media/animals/images/original/bobcat_10.jpg
You are a Bolognese Dog - https://a-z-animals.com/media/animals/images/original/bolognese_dog.jpg
You are a Bombay - https://a-z-animals.com/media/animals/images/original/bombay2.jpg
You are a Bongo (Tragelaphus eurycerus) - https://a-z-animals.com/media/animals/images/original/bongo2.jpg
You are a Bonobo (Pan Paniscus) - https://a-z-animals.com/media/animals/images/original/bonobo7.jpg
You are a Booby (Sula Nebouxii) - https://a-z-animals.com/media/animals/images/original/booby3.jpg
You are a Border Collie - https://a-z-animals.com/media/animals/images/original/border_collie2.jpg
You are a Border Terrier - https://a-z-animals.com/media/animals/images/original/border_terrier.jpg
You are a Bornean Orang-utan (Pongo pygmaeus) - https://a-z-animals.com/media/animals/images/original/bornean_orang-utan1.jpg
You are a Borneo Elephant (Elephas Maximus Borneensis) - https://a-z-animals.com/media/animals/images/original/borneo_elephant.jpg
You are a Boston Terrier - https://a-z-animals.com/media/animals/images/original/boston_terrier4.jpg
You are a Bottle Nosed Dolphin (Tursiops Truncatus) - https://a-z-animals.com/media/animals/images/original/bottle_nosed_dolphin3.jpg
You are a Boxer Dog - https://a-z-animals.com/media/animals/images/original/boxer_dog1.jpg
You are a Boykin Spaniel - https://a-z-animals.com/media/animals/images/original/boykin_spaniel.jpg
You are a Brazilian Terrier - https://a-z-animals.com/media/animals/images/original/brazilian_terrier.jpg
You are a Brown Bear (Ursus Arctos) - https://a-z-animals.com/media/animals/images/original/brown_bear2.jpg
You are a Budgerigar (Melopsittacus Undulatus) - https://a-z-animals.com/media/animals/images/original/budgerigar9.jpg
You are a Buffalo (Syncerus Caffer) - https://a-z-animals.com/media/animals/images/original/buffalo2.jpg
You are a Bull Mastiff - https://a-z-animals.com/media/animals/images/original/bull_mastiff.jpg
You are a Bull Shark (Carcharhinus Leucas) - https://a-z-animals.com/media/animals/images/original/bull_shark1.jpg
You are a Bull Terrier - https://a-z-animals.com/media/animals/images/original/bull_terrier3.jpg
You are a Bulldog - https://a-z-animals.com/media/animals/images/original/bulldog3.jpg
You are a Bullfrog (Rana Catesbeiana) - https://a-z-animals.com/media/animals/images/original/bullfrog4.jpg
You are a Bumble Bee (Bombus) - https://a-z-animals.com/media/animals/images/original/bumble_bee4.jpg
You are a Burmese - https://a-z-animals.com/media/animals/images/original/burmese2.jpg
You are a Burrowing Frog (Heleioporus) - https://a-z-animals.com/media/animals/images/original/burrowing_frog2.jpg
You are a Butterfly (Papilionoidea) - https://a-z-animals.com/media/animals/images/original/butterfly12.jpg
You are a Butterfly Fish (Chaetodontidae) - https://a-z-animals.com/media/animals/images/original/butterfly_fish5.jpg
You are a Caiman (Caiman crocodilus, Melanosuchus niger, Caiman yacare, Paleosuchus palpebrosus, Paleosuchus trigonatus, Caiman latirostris) - https://a-z-animals.com/media/animals/images/original/caiman5.jpg
You are a Caiman Lizard (Dracaena Guianensis) - https://a-z-animals.com/media/animals/images/original/caiman_lizard3.jpg
You are a Cairn Terrier - https://a-z-animals.com/media/animals/images/original/cairn_terrier.jpg
You are a Camel (Camelus dromedarius) - https://a-z-animals.com/media/animals/images/original/camel2.jpg
You are a Canaan Dog - https://a-z-animals.com/media/animals/images/original/canaan_dog.jpg
You are a Capybara (Hydrochoerus hydrochaeris) - https://a-z-animals.com/media/animals/images/original/capybara.jpg
You are a Caracal (Caracal Caracal) - https://a-z-animals.com/media/animals/images/original/caracal5.jpg
You are a Carolina Dog - https://a-z-animals.com/media/animals/images/original/carolina_dog.jpg
You are a Cassowary (Casuarius) - https://a-z-animals.com/media/animals/images/original/cassowary1.jpg
You are a Cat (Felis Domesticus) - https://a-z-animals.com/media/animals/images/original/cat_14.jpg
You are a Caterpillar (Larva) - https://a-z-animals.com/media/animals/images/original/caterpillar10.jpg
You are a Catfish (Siluriformes) - https://a-z-animals.com/media/animals/images/original/catfish.jpg
You are a Cavalier King Charles Spaniel - https://a-z-animals.com/media/animals/images/original/cavalier_king_charles_spaniel.jpg
You are a Centipede (Chilopoda) - https://a-z-animals.com/media/animals/images/original/centipede7.jpg
You are a Cesky Fousek - https://a-z-animals.com/media/animals/images/original/cesky_fousek.jpg
You are a Chameleon (Chamaeleonidae) - https://a-z-animals.com/media/animals/images/original/chameleon3.jpg
You are a Chamois (Rupicapra Rupicapra) - https://a-z-animals.com/media/animals/images/original/chamois8.jpg
You are a Cheetah (Acinonyx jubatus) - https://a-z-animals.com/media/animals/images/original/cheetah1.jpg
You are a Chesapeake Bay Retriever - https://a-z-animals.com/media/animals/images/original/chesapeake_bay_retriever.jpg
You are a Chicken (Gallus Gallus) - https://a-z-animals.com/media/animals/images/original/chicken.jpg
You are a Chihuahua - https://a-z-animals.com/media/animals/images/original/chihuahua.jpg
You are a Chimpanzee (Pan troglodytes) - https://a-z-animals.com/media/animals/images/original/chimpanzee1.jpg
You are a Chinchilla (Chinchilla Lanigera) - https://a-z-animals.com/media/animals/images/original/chinchilla2.jpg
You are a Chinese Crested Dog - https://a-z-animals.com/media/animals/images/original/chinese_crested_dog.jpg
You are a Chinook - https://a-z-animals.com/media/animals/images/original/chinook.jpg
You are a Chinstrap Penguin (Pygoscelis Antarcticus) - https://a-z-animals.com/media/animals/images/original/chinstrap_penguin3.jpg
You are a Chipmunk (Tamias Striatus) - https://a-z-animals.com/media/animals/images/original/chipmunk6.jpg
You are a Chow Chow - https://a-z-animals.com/media/animals/images/original/chow_chow1.jpg
You are a Cichlid (Cichlidae) - https://a-z-animals.com/media/animals/images/original/cichlid9.jpg
You are a Clouded Leopard (Neofelis nebulosa) - https://a-z-animals.com/media/animals/images/original/clouded_leopard1.jpg
You are a Clown Fish (Amphiprioninae) - https://a-z-animals.com/media/animals/images/original/clown3.jpg
You are a Clumber Spaniel - https://a-z-animals.com/media/animals/images/original/clumber_spaniel.jpg
You are a Coati (Nasua Nasua) - https://a-z-animals.com/media/animals/images/original/coati5.jpg
You are a Cockroach (Blattaria) - https://a-z-animals.com/media/animals/images/original/cockroach3.jpg
You are a Collared Peccary (Pecari tajacu) - https://a-z-animals.com/media/animals/images/original/collared_peccary.jpg
You are a Collie - https://a-z-animals.com/media/animals/images/original/collie.jpg
You are a Common Buzzard (Buteo Buteo) - https://a-z-animals.com/media/animals/images/original/common_buzzard2.jpg
You are a Common Frog (Rana Temporaria) - https://a-z-animals.com/media/animals/images/original/common_frog.jpg
You are a Common Loon (Gavia Immer) - https://a-z-animals.com/media/animals/images/original/common_loon8.jpg
You are a Common Toad (Bufo Bufo) - https://a-z-animals.com/media/animals/images/original/common_toad7.jpg
You are a Coral (Anthozoa) - https://a-z-animals.com/media/animals/images/original/coral10.jpg
You are a Cottontop Tamarin (Saguinus Oedipus) - https://a-z-animals.com/media/animals/images/original/cottontop_tamarin3.jpg
You are a Cougar (Felis Concolor) - https://a-z-animals.com/media/animals/images/original/cougar.jpg
You are a Cow (Bos Taurus) - https://a-z-animals.com/media/animals/images/original/cow11.jpg
You are a Coyote (Canis latrans) - https://a-z-animals.com/media/animals/images/original/coyote1.jpg
You are a Crab (Brachyura) - https://a-z-animals.com/media/animals/images/original/crab6.jpg
You are a Crab-Eating Macaque (Macaca Fascicularis) - https://a-z-animals.com/media/animals/images/original/crab-eating_macaque.jpg
You are a Crane (Gruidae) - https://a-z-animals.com/media/animals/images/original/crane1.jpg
You are a Crested Penguin (Eudyptes robustus) - https://a-z-animals.com/media/animals/images/original/crested_penguin1.jpg
You are a Crocodile (Crocodylus acutus, Crocodylus intermedius, Crocodylus johnsoni, Crocodylus mindorensis, Crocodylus moreletii, Crocodylus niloticus, Crocodylus novaeguineae, Crocodylus palustris, Crocodylus porosus, Crocodylus rhombifer, Crocodylus siamensis, Osteolaemus tetraspis, Mecistops cataphractus) - https://a-z-animals.com/media/animals/images/original/crocodile6.jpg
You are a Cross River Gorilla (Gorilla Gorilla Diehli) - https://a-z-animals.com/media/animals/images/original/cross_river_gorilla.jpg
You are a Curly Coated Retriever - https://a-z-animals.com/media/animals/images/original/curly_coated_retriever1.jpg
You are a Cuscus (Phalanger Maculatus) - https://a-z-animals.com/media/animals/images/original/cuscus5.jpg
You are a Cuttlefish (Sepiida) - https://a-z-animals.com/media/animals/images/original/cuttlefish3.jpg
You are a Dachshund - https://a-z-animals.com/media/animals/images/original/dachshund.jpg
You are a Dalmatian - https://a-z-animals.com/media/animals/images/original/dalmation1.jpg
You are a Darwin's Frog (Rhinoderma Darwinii) - https://a-z-animals.com/media/animals/images/original/darwins_frog2.jpg
You are a Deer (Odocoileus virginiana) - https://a-z-animals.com/media/animals/images/original/deer.jpg
You are a Desert Tortoise (Gopherus Agassizii) - https://a-z-animals.com/media/animals/images/original/desert_tortoise.jpg
You are a Deutsche Bracke - https://a-z-animals.com/media/animals/images/original/deutsche_bracke.jpg
You are a Dhole (Cuon Alpinus) - https://a-z-animals.com/media/animals/images/original/dhole.jpg
You are a Dingo (Canis Lupus Dingo) - https://a-z-animals.com/media/animals/images/original/dingo1.jpg
You are a Discus (Symphysodon) - https://a-z-animals.com/media/animals/images/original/discus1.jpg
You are a Doberman Pinscher - https://a-z-animals.com/media/animals/images/original/doberman_pinscher3.jpg
You are a Dodo (Raphus Cucullatus) - https://a-z-animals.com/media/animals/images/original/dodo.jpg
You are a Dog (Canis lupus familiaris) - https://a-z-animals.com/media/animals/images/original/dog5.jpg
You are a Dogo Argentino - https://a-z-animals.com/media/animals/images/original/dogo_argentino_2.jpg
You are a Dogue De Bordeaux - https://a-z-animals.com/media/animals/images/original/dogue_de_bordeaux.jpg
You are a Dolphin (Delphinus Delphis) - https://a-z-animals.com/media/animals/images/original/dolphin2.jpg
You are a Donkey (Equus Asinus) - https://a-z-animals.com/media/animals/images/original/donkey3.jpg
You are a Dormouse (Gliridae) - https://a-z-animals.com/media/animals/images/original/dormouse3.jpg
You are a Dragonfly (Anisoptera) - https://a-z-animals.com/media/animals/images/original/dragonfly.jpg
You are a Drever - https://a-z-animals.com/media/animals/images/original/drever.jpg
You are a Duck (Anas Platyrhynchos) - https://a-z-animals.com/media/animals/images/original/duck4.jpg
You are a Dugong (Dugong Dugon) - https://a-z-animals.com/media/animals/images/original/dugong3.jpg
You are a Dunker - https://a-z-animals.com/media/animals/images/original/dunker.jpg
You are a Dusky Dolphin (Lagenorhynchus obscurus) - https://a-z-animals.com/media/animals/images/original/dusky_dolphin7.jpg
You are a Dwarf Crocodile (Osteolaemus tetraspis) - https://a-z-animals.com/media/animals/images/original/dwarf_crocodile1.jpg
You are a Eagle (Hieraatus Spilogaster) - https://a-z-animals.com/media/animals/images/original/eagle1.jpg
You are a Earwig  (Dermaptera) - https://a-z-animals.com/media/animals/images/original/earwig_3.jpg
You are a Eastern Gorilla (Gorilla Berengei) - https://a-z-animals.com/media/animals/images/original/eastern_gorilla.jpg
You are a Eastern Lowland Gorilla (Gorilla Berengei Graueri) - https://a-z-animals.com/media/animals/images/original/eastern_lowland_gorilla.jpg
You are a Echidna (Tachyglossus Aculeatus) - https://a-z-animals.com/media/animals/images/original/echidna7.jpg
You are a Edible Frog (Pelophylax kl. esculentus) - https://a-z-animals.com/media/animals/images/original/edible_frog.jpg
You are a Egyptian Mau - https://a-z-animals.com/media/animals/images/original/egyptian_mau2.jpg
You are a Electric Eel (Electrophorus Electricus) - https://a-z-animals.com/media/animals/images/original/electric_eel3.jpg
You are a Elephant (Loxodonta Africana) - https://a-z-animals.com/media/animals/images/original/african_elephant.jpg
You are a Elephant Seal (Mirounga) - https://a-z-animals.com/media/animals/images/original/elephant_seal.jpg
You are a Elephant Shrew (Elephantulus) - https://a-z-animals.com/media/animals/images/original/elephant_shrew.jpg
You are a Emperor Penguin (Aptenodytes forsteri) - https://a-z-animals.com/media/animals/images/original/emperor_penguin3.jpg
You are a Emperor Tamarin (Saguinus Imperator) - https://a-z-animals.com/media/animals/images/original/emperor_tamarin1.jpg
You are a Emu (Dromaius Novaehollandiae) - https://a-z-animals.com/media/animals/images/original/emu1.jpg
You are a English Cocker Spaniel - https://a-z-animals.com/media/animals/images/original/english_cocker_spaniel.jpg
You are a English Shepherd - https://a-z-animals.com/media/animals/images/original/english_shepherd1.jpg
You are a English Springer Spaniel - https://a-z-animals.com/media/animals/images/original/english_springer_spaniel.jpg
You are a Entlebucher Mountain Dog - https://a-z-animals.com/media/animals/images/original/entlebucher_mountain_dog2.jpg
You are a Epagneul Pont Audemer - https://a-z-animals.com/media/animals/images/original/epagneul_pont_audemer.jpg
You are a Eskimo Dog - https://a-z-animals.com/media/animals/images/original/eskimo_dog1.jpg
You are a Estrela Mountain Dog - https://a-z-animals.com/media/animals/images/original/estrela_mountain_dog.jpg
You are a Falcon (Falconiforme) - https://a-z-animals.com/media/animals/images/original/falcon1.jpg
You are a Fennec Fox (Vulpes zerda) - https://a-z-animals.com/media/animals/images/original/fennec_fox3.jpg
You are a Ferret (Mustela Putorius Furo) - https://a-z-animals.com/media/animals/images/original/ferret5.jpg
You are a Field Spaniel - https://a-z-animals.com/media/animals/images/original/field_spaniel.jpg
You are a Fin Whale (Balaenoptera Physalus) - https://a-z-animals.com/media/animals/images/original/fin_whale4.jpg
You are a Finnish Spitz - https://a-z-animals.com/media/animals/images/original/finnish_sptiz.jpg
You are a Fire-Bellied Toad (Bombina) - https://a-z-animals.com/media/animals/images/original/fire-bellied_toad4.jpg
You are a Fish - https://a-z-animals.com/media/animals/images/original/fish8.jpg
You are a Fishing Cat (Prionailurus viverrinus) - https://a-z-animals.com/media/animals/images/original/fishing_cat3.jpg
You are a Flamingo (Phoenicopterus) - https://a-z-animals.com/media/animals/images/original/flamingo6.jpg
You are a Flat Coat Retriever - https://a-z-animals.com/media/animals/images/original/flat_coat_retriever.jpg
You are a Flounder (Paralichthys) - https://a-z-animals.com/media/animals/images/original/flounder.jpg
You are a Fly (Diptera) - https://a-z-animals.com/media/animals/images/original/fly.jpg
You are a Flying Squirrel (Pteromyini) - https://a-z-animals.com/media/animals/images/original/flying_squirrel3.jpg
You are a Fossa (Cryptoprocta ferox) - https://a-z-animals.com/media/animals/images/original/fossa3.jpg
You are a Fox (Vulpes vulpes) - https://a-z-animals.com/media/animals/images/original/fox3.jpg
You are a Fox Terrier - https://a-z-animals.com/media/animals/images/original/fox_terrier.jpg
You are a French Bulldog - https://a-z-animals.com/media/animals/images/original/french_bulldog.jpg
You are a Frigatebird (Fregata) - https://a-z-animals.com/media/animals/images/original/frigatebird1.jpg
You are a Frilled Lizard (Chlamydosaurus Kingii) - https://a-z-animals.com/media/animals/images/original/frilled_lizard.jpg
You are a Frog (Rana Temporaria) - https://a-z-animals.com/media/animals/images/original/frog4.jpg
You are a Fur Seal (Arctocephalinae) - https://a-z-animals.com/media/animals/images/original/fur_seal.jpg
You are a Galapagos Penguin (Spheniscus Mendiculus) - https://a-z-animals.com/media/animals/images/original/galapagos_penguin.jpg
You are a Galapagos Tortoise (Geochelone Nigra) - https://a-z-animals.com/media/animals/images/original/galapagos_tortoise3.jpg
You are a Gar (Lepisosteidae) - https://a-z-animals.com/media/animals/images/original/gar1.jpg
You are a Gecko (Gekkonidae) - https://a-z-animals.com/media/animals/images/original/gecko8.jpg
You are a Gentoo Penguin (Pygoscelis papua) - https://a-z-animals.com/media/animals/images/original/gentoo_penguin.jpg
You are a Geoffroys Tamarin (Saguinus Geoffroyi) - https://a-z-animals.com/media/animals/images/original/geoffroys_tamarin.jpg
You are a Gerbil (Gerbillinae) - https://a-z-animals.com/media/animals/images/original/gerbil3.jpg
You are a German Pinscher - https://a-z-animals.com/media/animals/images/original/german_pinscher.jpg
You are a German Shepherd - https://a-z-animals.com/media/animals/images/original/german_shepherd.jpg
You are a Gharial (Gavialis gangeticus) - https://a-z-animals.com/media/animals/images/original/gharial4.jpg
You are a Giant African Land Snail (Achatina Fulica) - https://a-z-animals.com/media/animals/images/original/giant_african_land_snail.jpg
You are a Giant Clam (Tridacna Gigas) - https://a-z-animals.com/media/animals/images/original/giant_clam6.jpg
You are a Giant Panda Bear (Ailuropoda melanoleuca) - https://a-z-animals.com/media/animals/images/original/giant_panda_bear.jpg
You are a Giant Schnauzer - https://a-z-animals.com/media/animals/images/original/giant_schauzer.jpg
You are a Gibbon (Hylobatidae) - https://a-z-animals.com/media/animals/images/original/gibbon6.jpg
You are a Gila Monster (Heloderma Suspectum) - https://a-z-animals.com/media/animals/images/original/gila_monster5.jpg
You are a Giraffe (Giraffa camelopardalis) - https://a-z-animals.com/media/animals/images/original/giraffe_10.jpg
You are a Glass Lizard (Ophisaurus) - https://a-z-animals.com/media/animals/images/original/glass_lizard.jpg
You are a Glow Worm (Arachnocampa luminosa) - https://a-z-animals.com/media/animals/images/original/glow_worm2.jpg
You are a Goat (Capra Aegagrus Hircus) - https://a-z-animals.com/media/animals/images/original/goat1.jpg
You are a Golden Lion Tamarin (Leontopithecus Rosalia) - https://a-z-animals.com/media/animals/images/original/golden_lion_tamarin.jpg
You are a Golden Oriole (Oriolus oriolus) - https://a-z-animals.com/media/animals/images/original/golden_oriole.jpg
You are a Golden Retriever - https://a-z-animals.com/media/animals/images/original/golden_retriever.jpg
You are a Goose (Branta) - https://a-z-animals.com/media/animals/images/original/geese3.jpg
You are a Gopher (Spermophilus Richardsonii) - https://a-z-animals.com/media/animals/images/original/gopher_4.jpg
You are a Gorilla (Troglodytes Gorilla) - https://a-z-animals.com/media/animals/images/original/gorilla4.jpg
You are a Grasshopper (Caelifera) - https://a-z-animals.com/media/animals/images/original/grasshopper8.jpg
You are a Great Dane - https://a-z-animals.com/media/animals/images/original/great_dane.jpg
You are a Great White Shark (Carcharodon carcharias) - https://a-z-animals.com/media/animals/images/original/white_shark2.jpg
You are a Greater Swiss Mountain Dog - https://a-z-animals.com/media/animals/images/original/greater_swiss_mountain_dog1.jpg
You are a Green Bee-Eater (Merops Orientalis) - https://a-z-animals.com/media/animals/images/original/green_bee-eater2.jpg
You are a Greenland Dog - https://a-z-animals.com/media/animals/images/original/greenland_dog.jpg
You are a Grey Mouse Lemur (Microcebus Murinus) - https://a-z-animals.com/media/animals/images/original/grey_mouse_lemur4.jpg
You are a Grey Reef Shark (Carcharhinus Amblyrhynchos) - https://a-z-animals.com/media/animals/images/original/grey_reef_shark5.jpg
You are a Grey Seal (Halichoerus Grypus) - https://a-z-animals.com/media/animals/images/original/grey_seal3.jpg
You are a Greyhound - https://a-z-animals.com/media/animals/images/original/greyhound.jpg
You are a Grizzly Bear (Ursus Arctos Horriblis) - https://a-z-animals.com/media/animals/images/original/grizzly_bear1.jpg
You are a Grouse (Tetraoninae) - https://a-z-animals.com/media/animals/images/original/grouse3.jpg
You are a Guinea Fowl (Numididae) - https://a-z-animals.com/media/animals/images/original/guinea_fowl2.jpg
You are a Guinea Pig (Cavia porcellus) - https://a-z-animals.com/media/animals/images/original/guinea_pig1.jpg
You are a Guppy (Poecilia Reticulata) - https://a-z-animals.com/media/animals/images/original/guppy3.jpg
You are a Hammerhead Shark (Sphyrna Zygaena) - https://a-z-animals.com/media/animals/images/original/hammerhead_shark.jpg
You are a Hamster (Mesocricetus Auratus) - https://a-z-animals.com/media/animals/images/original/hamster3.jpg
You are a Hare (Lepus Europaeus) - https://a-z-animals.com/media/animals/images/original/hare7.jpg
You are a Harrier - https://a-z-animals.com/media/animals/images/original/harrier.jpg
You are a Havanese - https://a-z-animals.com/media/animals/images/original/havanese.jpg
You are a Hedgehog (Atelerix Albiventris) - https://a-z-animals.com/media/animals/images/original/hedgehog2.jpg
You are a Hercules Beetle (Dynastes Hercules ) - https://a-z-animals.com/media/animals/images/original/hercules_beetle1.jpg
You are a Hermit Crab (Paguroidea) - https://a-z-animals.com/media/animals/images/original/hermit_crab1.jpg
You are a Heron (Ardeidae) - https://a-z-animals.com/media/animals/images/original/heron.jpg
You are a Highland Cattle (Bos Taurus) - https://a-z-animals.com/media/animals/images/original/highland_cattle7.jpg
You are a Himalayan - https://a-z-animals.com/media/animals/images/original/himalayan2.jpg
You are a Hippopotamus (Hippopotamus amphibius) - https://a-z-animals.com/media/animals/images/original/hippo4.jpg
You are a Honey Bee (Apis) - https://a-z-animals.com/media/animals/images/original/honey_bee.jpg
You are a Horn Shark (Heterodontus Francisci) - https://a-z-animals.com/media/animals/images/original/horn_shark6.jpg
You are a Horned Frog (Ceratophrys Ornata) - https://a-z-animals.com/media/animals/images/original/horned_frog2.jpg
You are a Horse (Equus Caballus) - https://a-z-animals.com/media/animals/images/original/horse4.jpg
You are a Horseshoe Crab (Limulidae) - https://a-z-animals.com/media/animals/images/original/horseshoe_crab1.jpg
You are a Howler Monkey (Alouatta) - https://a-z-animals.com/media/animals/images/original/howler_monkey4.jpg
You are a Human (Homo Sapiens Sapiens) - https://a-z-animals.com/media/animals/images/original/human2.jpg
You are a Humboldt Penguin (Spheniscus Humboldti) - https://a-z-animals.com/media/animals/images/original/humboldt_penguin6.jpg
You are a Hummingbird (Trochilidae) - https://a-z-animals.com/media/animals/images/original/hummingbird8.jpg
You are a Humpback Whale (Megaptera Novaeangliae) - https://a-z-animals.com/media/animals/images/original/humpback_whale4.jpg
You are a Hyena (Crocuta Crocuta) - https://a-z-animals.com/media/animals/images/original/hyena1.jpg
You are a Ibis (Threskiornithidae) - https://a-z-animals.com/media/animals/images/original/ibis1.jpg
You are a Ibizan Hound - https://a-z-animals.com/media/animals/images/original/ibizan_hound.jpg
You are a Iguana (Iguana Iguana) - https://a-z-animals.com/media/animals/images/original/iguana4.jpg
You are a Impala (Aepyceros Melampus) - https://a-z-animals.com/media/animals/images/original/impala4.jpg
You are a Indian Elephant (Elephas Maximus Indicus) - https://a-z-animals.com/media/animals/images/original/indian_elephant2.jpg
You are a Indian Palm Squirrel (Funambulus Palmarum) - https://a-z-animals.com/media/animals/images/original/indian_palm_squirrel9.jpg
You are a Indian Rhinoceros (Rhinoceros Unicornis) - https://a-z-animals.com/media/animals/images/original/indian_rhinoceros3.jpg
You are a Indian Star Tortoise (Geochelone Elegans) - https://a-z-animals.com/media/animals/images/original/indian_star_tortoise.jpg
You are a Indochinese Tiger (Panthera Tigris Corbetti) - https://a-z-animals.com/media/animals/images/original/indochinese_tiger.jpg
You are a Indri (Indri indri) - https://a-z-animals.com/media/animals/images/original/indri_8.jpg
You are a Insect (Insecta) - https://a-z-animals.com/media/animals/images/original/insects3.jpg
You are a Irish Setter - https://a-z-animals.com/media/animals/images/original/irish_setter.jpg
You are a Irish WolfHound - https://a-z-animals.com/media/animals/images/original/irish_wolfhound.jpg
You are a Jack Russel - https://a-z-animals.com/media/animals/images/original/jack_russel.jpg
You are a Jackal (Canis Aureus) - https://a-z-animals.com/media/animals/images/original/jackal1.jpg
You are a Jaguar (Panthera onca) - https://a-z-animals.com/media/animals/images/original/jaguar6.jpg
You are a Japanese Chin - https://a-z-animals.com/media/animals/images/original/japanese_chin1.jpg
You are a Japanese Macaque (Macaca fuscata) - https://a-z-animals.com/media/animals/images/original/japanese_macaque_9.jpg
You are a Javan Rhinoceros (Rhinoceros Sondaicus) - https://a-z-animals.com/media/animals/images/original/javan_rhinoceros.jpg
You are a Javanese - https://a-z-animals.com/media/animals/images/original/javanese.jpg
You are a Jellyfish (Cnidaria Scyphozoa Aurelia) - https://a-z-animals.com/media/animals/images/original/jellyfish4.jpg
You are a Kakapo (Strigops Habroptilus) - https://a-z-animals.com/media/animals/images/original/kakapo3.jpg
You are a Kangaroo (Macropus Giganteus) - https://a-z-animals.com/media/animals/images/original/kangaroo3.jpg
You are a Keel Billed Toucan (Ramphastos Sulfuratus) - https://a-z-animals.com/media/animals/images/original/keel_billed_toucan2.jpg
You are a Killer Whale (Orcinus Orca) - https://a-z-animals.com/media/animals/images/original/killer_whale4.jpg
You are a King Crab (Lopholithodes Mandtii) - https://a-z-animals.com/media/animals/images/original/king_crab1.jpg
You are a King Penguin (Aptenodytes Patagonicus) - https://a-z-animals.com/media/animals/images/original/king_penguin1.jpg
You are a Kingfisher (Coraciiformes) - https://a-z-animals.com/media/animals/images/original/kingfisher.jpg
You are a Kiwi (Apteryx australis) - https://a-z-animals.com/media/animals/images/original/kiwi4.jpg
You are a Koala (Phascolarctos cinereus) - https://a-z-animals.com/media/animals/images/original/koala9.jpg
You are a Komodo Dragon (Varanus komodoensis) - https://a-z-animals.com/media/animals/images/original/komodo_dragon.jpg
You are a Kudu (Tragelaphus Strepsiceros) - https://a-z-animals.com/media/animals/images/original/kudu5.jpg
You are a Labradoodle - https://a-z-animals.com/media/animals/images/original/labradoodle4.jpg
You are a Labrador Retriever - https://a-z-animals.com/media/animals/images/original/labrador_retriever1.jpg
You are a Ladybird (Coccinellidae) - https://a-z-animals.com/media/animals/images/original/ladybird.jpg
You are a Leaf-Tailed Gecko (Uroplatus) - https://a-z-animals.com/media/animals/images/original/leaf-tailed_gecko3.jpg
You are a Lemming (Lemmus Lemmus) - https://a-z-animals.com/media/animals/images/original/lemmings.jpg
You are a Lemur (Lemur Catta) - https://a-z-animals.com/media/animals/images/original/lemur2.jpg
You are a Leopard (Panthera pardus) - https://a-z-animals.com/media/animals/images/original/leopard2.jpg
You are a Leopard Cat (Prionailurus Bengalensis) - https://a-z-animals.com/media/animals/images/original/leopard_cat3.jpg
You are a Leopard Seal (Hydrurga Leptonyx) - https://a-z-animals.com/media/animals/images/original/leopard_seal2.jpg
You are a Leopard Tortoise (Geochelone Pardalis) - https://a-z-animals.com/media/animals/images/original/leopard_tortoise5.jpg
You are a Liger - https://a-z-animals.com/media/animals/images/original/liger7.jpg
You are a Lion - https://a-z-animals.com/media/animals/images/original/lion1.jpg
You are a Lionfish - https://a-z-animals.com/media/animals/images/original/lionfish.jpeg
You are a Little Penguin - https://a-z-animals.com/media/animals/images/original/little_penguin.jpg
You are a Lizard - https://a-z-animals.com/media/animals/images/original/lizard4.jpg
You are a Llama - https://a-z-animals.com/media/animals/images/original/llama6.jpg
You are a Lobster - https://a-z-animals.com/media/animals/images/original/lobster2.jpg
You are a Long-Eared Owl - https://a-z-animals.com/media/animals/images/original/long-eared_owl2.jpg
You are a Lynx - https://a-z-animals.com/media/animals/images/original/lynx8.jpg
You are a Macaroni Penguin (Eudyptes Chrysolophus) - https://a-z-animals.com/media/animals/images/original/macaroni_penguin3.jpg
You are a Macaw (Arini) - https://a-z-animals.com/media/animals/images/original/macaw7.jpg
You are a Magellanic Penguin (Spheniscus Magellanicus) - https://a-z-animals.com/media/animals/images/original/magellanic_penguin7.jpg
You are a Magpie (Pica Pica) - https://a-z-animals.com/media/animals/images/original/magpie3.jpg
You are a Maine Coon - https://a-z-animals.com/media/animals/images/original/maine_coon3.jpg
You are a Malayan Civet (Viverra Tangalunga) - https://a-z-animals.com/media/animals/images/original/malayan_civet.jpg
You are a Malayan Tiger (Panthera Tigris Jacksoni) - https://a-z-animals.com/media/animals/images/original/malayan_tiger2.jpg
You are a Maltese - https://a-z-animals.com/media/animals/images/original/maltese.jpg
You are a Manatee (Trichechus Manatu) - https://a-z-animals.com/media/animals/images/original/manatee4.jpg
You are a Mandrill (Mandrillus Sphinx) - https://a-z-animals.com/media/animals/images/original/mandrill5.jpg
You are a Manta Ray (Manta Birostris) - https://a-z-animals.com/media/animals/images/original/manta_ray5.jpg
You are a Marine Toad (Bufo Marinus) - https://a-z-animals.com/media/animals/images/original/marine_toad2.jpg
You are a Markhor (Capra Falconeri) - https://a-z-animals.com/media/animals/images/original/markhor.jpg
You are a Marsh Frog (Pelophylax Ridibundus) - https://a-z-animals.com/media/animals/images/original/marsh_frog5.jpg
You are a Masked Palm Civet (Paguma Larvata) - https://a-z-animals.com/media/animals/images/original/masked_palm_civet1.jpg
You are a Mastiff - https://a-z-animals.com/media/animals/images/original/mastiff.jpg
You are a Mayfly (Ephemeroptera) - https://a-z-animals.com/media/animals/images/original/mayfly1.jpg
You are a Meerkat (Suricata suricatta) - https://a-z-animals.com/media/animals/images/original/meerkat_11.jpg
You are a Millipede (Diplopoda) - https://a-z-animals.com/media/animals/images/original/millipede4.jpg
You are a Minke Whale (Balaenoptera Acutorostrata) - https://a-z-animals.com/media/animals/images/original/minke_whale.jpg
You are a Mole (Talpidae) - https://a-z-animals.com/media/animals/images/original/mole2.jpg
You are a Molly (Poecilia) - https://a-z-animals.com/media/animals/images/original/molly4.jpg
You are a Mongoose (Helogale Parvula) - https://a-z-animals.com/media/animals/images/original/mongoose7.jpg
You are a Mongrel - https://a-z-animals.com/media/animals/images/original/mongrel.jpg
You are a Monitor Lizard (Varanus Indicus) - https://a-z-animals.com/media/animals/images/original/monitor_lizard2.jpg
You are a Monkey (Macaca Fascicularis) - https://a-z-animals.com/media/animals/images/original/monkey9.jpg
You are a Monte Iberia Eleuth (Eleutherodactylus Iberia) - https://a-z-animals.com/media/animals/images/original/monte_iberia_eleuth3.jpg
You are a Moorhen (Gallinula) - https://a-z-animals.com/media/animals/images/original/moorhen.jpg
You are a Moose (Alces Alces) - https://a-z-animals.com/media/animals/images/original/moose.jpg
You are a Moray Eel (Muraenidae) - https://a-z-animals.com/media/animals/images/original/moray_eel6.jpg
You are a Moth (Gynnidomorpha Alisman) - https://a-z-animals.com/media/animals/images/original/moth.jpg
You are a Mountain Gorilla (Gorilla Berengei Berengei) - https://a-z-animals.com/media/animals/images/original/mountain_gorilla3.jpg
You are a Mountain Lion (Felis Concolor) - https://a-z-animals.com/media/animals/images/original/mountain_lion3.jpg
You are a Mouse (Apodemus Sylvaticus) - https://a-z-animals.com/media/animals/images/original/mouse1.jpg
You are a Mule (Equus Mule) - https://a-z-animals.com/media/animals/images/original/mule1.jpg
You are a Neanderthal (Homo Sapiens Neanderthalensis) - https://a-z-animals.com/media/animals/images/original/neanderthal.png
You are a Neapolitan Mastiff - https://a-z-animals.com/media/animals/images/original/neapolitan_mastiff1.jpg
You are a Newfoundland - https://a-z-animals.com/media/animals/images/original/newfoundland3.jpg
You are a Newt (Lissotriton Vulgaris) - https://a-z-animals.com/media/animals/images/original/newt1.jpg
You are a Nightingale (Luscinia Magarhynchos) - https://a-z-animals.com/media/animals/images/original/nightingale1.jpg
You are a Norfolk Terrier - https://a-z-animals.com/media/animals/images/original/norfolk_terrier.jpg
You are a Norwegian Forest - https://a-z-animals.com/media/animals/images/original/norwegian_forest.jpg
You are a Numbat (Myrmecobius Fasciatus) - https://a-z-animals.com/media/animals/images/original/numbat2.jpg
You are a Nurse Shark (Ginglymostoma Cirratum) - https://a-z-animals.com/media/animals/images/original/nurse_shark3.jpg
You are a Ocelot (Leopardus pardalis) - https://a-z-animals.com/media/animals/images/original/ocelot.jpg
You are a Octopus (Octopus Vulgaris) - https://a-z-animals.com/media/animals/images/original/octopus1.jpg
You are a Okapi (Okapia johnstoni) - https://a-z-animals.com/media/animals/images/original/okapi.jpg
You are a Old English Sheepdog - https://a-z-animals.com/media/animals/images/original/old_english_sheepdog.jpg
You are a Olm (Proteus Anguinus) - https://a-z-animals.com/media/animals/images/original/olm1.jpg
You are a Opossum (Didelphis Virginiana) - https://a-z-animals.com/media/animals/images/original/opossum2.jpg
You are a Orang-utan (Pongo pygmaeus, Pongo abelii, Pongo tapanuliensis) - https://a-z-animals.com/media/animals/images/original/orang-utan.jpg
You are a Ostrich (Struthio Camelus) - https://a-z-animals.com/media/animals/images/original/ostrich_7.jpg
You are a Otter (Lutra Canadensis) - https://a-z-animals.com/media/animals/images/original/otter2.jpg
You are a Oyster (Ostreidae) - https://a-z-animals.com/media/animals/images/original/oyster.jpg
You are a Pademelon (Thylogale) - https://a-z-animals.com/media/animals/images/original/pademelon.jpg
You are a Panther (Panthera pardus, Panthera onca ) - https://a-z-animals.com/media/animals/images/original/panther.jpg
You are a Parrot (Psittacine) - https://a-z-animals.com/media/animals/images/original/parrot.jpeg
You are a Patas Monkey (Erythrocebus patas) - https://a-z-animals.com/media/animals/images/original/patas_monkey7.jpg
You are a Peacock (Pavo Cristatus) - https://a-z-animals.com/media/animals/images/original/peacock7.jpg
You are a Pekingese - https://a-z-animals.com/media/animals/images/original/pekingese4.jpg
You are a Pelican (Pelecanus Occidentalis) - https://a-z-animals.com/media/animals/images/original/pelican1.jpg
You are a Penguin (Aptenodytes Forsteri) - https://a-z-animals.com/media/animals/images/original/penguin5.jpg
You are a Persian - https://a-z-animals.com/media/animals/images/original/persian4.jpg
You are a Pheasant (Phasianus Colchicus) - https://a-z-animals.com/media/animals/images/original/pheasant8.jpg
You are a Pied Tamarin (Saguinus Bicolor) - https://a-z-animals.com/media/animals/images/original/pied_tamarin.jpg
You are a Pig (Sus Scrofa Scrofa) - https://a-z-animals.com/media/animals/images/original/pig.jpg
You are a Pika (Ochotona Minor) - https://a-z-animals.com/media/animals/images/original/pika3.jpg
You are a Pike (Esox) - https://a-z-animals.com/media/animals/images/original/pike1.jpg
You are a Pink Fairy Armadillo (Chlamyphorus truncatus) - https://a-z-animals.com/media/animals/images/original/pink_fairy_armadillo.jpg
You are a Piranha (Pygocentrus Nattereri) - https://a-z-animals.com/media/animals/images/original/piranha3.jpg
You are a Platypus (Ornithorhynchus Anatinus) - https://a-z-animals.com/media/animals/images/original/platypus2.jpg
You are a Pointer - https://a-z-animals.com/media/animals/images/original/pointer.jpg
You are a Poison Dart Frog (Dendrobatidae) - https://a-z-animals.com/media/animals/images/original/poison_dart_frog.jpg
You are a Polar Bear (Ursus maritimus) - https://a-z-animals.com/media/animals/images/original/polar_bear.jpg
You are a Pond Skater (Gerridae  ) - https://a-z-animals.com/media/animals/images/original/pond_skater.jpg
You are a Poodle - https://a-z-animals.com/media/animals/images/original/poodle.jpg
You are a Pool Frog (Pelophylax Lessonae) - https://a-z-animals.com/media/animals/images/original/pool_frog.jpg
You are a Porcupine (Erethizon Dorsaum) - https://a-z-animals.com/media/animals/images/original/porcupine2.jpg
You are a Possum (Phalangeriforme) - https://a-z-animals.com/media/animals/images/original/possum.jpg
You are a Prawn (Dendrobranchiata) - https://a-z-animals.com/media/animals/images/original/prawn1.jpg
You are a Proboscis Monkey (Nasalis larvatus) - https://a-z-animals.com/media/animals/images/original/proboscis_monkey1.jpg
You are a Puffer Fish (Tetraodontidae) - https://a-z-animals.com/media/animals/images/original/puffer_fish4.jpg
You are a Puffin (Fratercula arctica) - https://a-z-animals.com/media/animals/images/original/puffin_6.jpg
You are a Pug - https://a-z-animals.com/media/animals/images/original/pug.jpg
You are a Puma (Felis concolor) - https://a-z-animals.com/media/animals/images/original/puma6.jpg
You are a Purple Emperor (Apatura Iris  ) - https://a-z-animals.com/media/animals/images/original/purple_emperor5.jpg
You are a Puss Moth (Cerura Vinula ) - https://a-z-animals.com/media/animals/images/original/puss_moth.jpg
You are a Pygmy Hippopotamus (Choeropsis liberiensis) - https://a-z-animals.com/media/animals/images/original/pygmy_hippopotamus1.jpg
You are a Pygmy Marmoset (Callithrix Pygmaea) - https://a-z-animals.com/media/animals/images/original/pygmy_marmoset.jpg
You are a Quail (Coturnix Coturnix) - https://a-z-animals.com/media/animals/images/original/quail.jpg
You are a Quetzal (Pharomachrus, Euptilotis) - https://a-z-animals.com/media/animals/images/original/quetzal4.jpg
You are a Quokka (Setonix brachyurus) - https://a-z-animals.com/media/animals/images/original/quokka2.jpg
You are a Quoll (Dasyurus Viverrinus) - https://a-z-animals.com/media/animals/images/original/quoll4.jpg
You are a Rabbit (Oryctolagus cuniculus) - https://a-z-animals.com/media/animals/images/original/rabbit6.jpg
You are a Raccoon (Procyon Lotor) - https://a-z-animals.com/media/animals/images/original/raccoon9.jpg
You are a Raccoon Dog (Nyctereutes Procyonoides) - https://a-z-animals.com/media/animals/images/original/raccoon_dog3.jpg
You are a Radiated Tortoise (Astrochelys radiata) - https://a-z-animals.com/media/animals/images/original/radiated_tortoise1.jpg
You are a Ragdoll - https://a-z-animals.com/media/animals/images/original/ragdoll3.jpg
You are a Rat (Rattus Rattus) - https://a-z-animals.com/media/animals/images/original/rat1.jpg
You are a Rattlesnake - https://a-z-animals.com/media/animals/images/original/rattlesnake3.jpg
You are a Red Knee Tarantula (Brachypelma Smithi) - https://a-z-animals.com/media/animals/images/original/red_knee_tarantula.jpg
You are a Red Panda (Ailurus fulgens) - https://a-z-animals.com/media/animals/images/original/red_panda5.jpg
You are a Red Wolf (Canis Lupus Rufus) - https://a-z-animals.com/media/animals/images/original/red_wolf2.jpg
You are a Red-handed Tamarin (Saguinus Midas) - https://a-z-animals.com/media/animals/images/original/red-handed_tamarin.jpg
You are a Reindeer (Rangifer Tarandus) - https://a-z-animals.com/media/animals/images/original/reindeer4.jpg
You are a Rhinoceros (Rhinocerotidae) - https://a-z-animals.com/media/animals/images/original/rhino8.jpg
You are a River Dolphin (Platanistoidea ) - https://a-z-animals.com/media/animals/images/original/river_dolphin4.jpg
You are a River Turtle (Emydidae) - https://a-z-animals.com/media/animals/images/original/river_turtle2.jpg
You are a Robin (Erithacus Rubecula) - https://a-z-animals.com/media/animals/images/original/robin5.jpg
You are a Rock Hyrax (Procavia capensis) - https://a-z-animals.com/media/animals/images/original/rock_hyrax_.jpg
You are a Rockhopper Penguin (Eudyptes Chrysocome) - https://a-z-animals.com/media/animals/images/original/rockhopper_penguin_3.jpg
You are a Roseate Spoonbill (Ajaja ajaja) - https://a-z-animals.com/media/animals/images/original/roseate_spoonbill2.jpg
You are a Rottweiler - https://a-z-animals.com/media/animals/images/original/rottweiler1.jpg
You are a Royal Penguin (Eudyptes Schlegeli) - https://a-z-animals.com/media/animals/images/original/royal_penguin.jpg
You are a Russian Blue - https://a-z-animals.com/media/animals/images/original/russian_blue3.jpg
You are a Sabre-Toothed Tiger (Smilodon populator) - https://a-z-animals.com/media/animals/images/original/sabre_toothed_tiger_4.jpg
You are a Saint Bernard - https://a-z-animals.com/media/animals/images/original/saint_bernard3.jpg
You are a Salamander (Caudata) - https://a-z-animals.com/media/animals/images/original/salamander.png
You are a Sand Lizard (Lacerta Agilis) - https://a-z-animals.com/media/animals/images/original/sand_lizard2.jpg
You are a Saola (Pseudoryx nghetinhensis) - https://a-z-animals.com/media/animals/images/original/saola.png
You are a Scorpion (Scorpiones) - https://a-z-animals.com/media/animals/images/original/scorpion2.jpg
You are a Scorpion Fish (Scorpaenidae) - https://a-z-animals.com/media/animals/images/original/scorpion_fish.jpg
You are a Sea Dragon (Phycodurus Eques) - https://a-z-animals.com/media/animals/images/original/sea_dragon5.jpg
You are a Sea Lion (Otariidae) - https://a-z-animals.com/media/animals/images/original/sea_lion10.jpg
You are a Sea Otter (Enhydra Lutris) - https://a-z-animals.com/media/animals/images/original/sea_otter4.jpg
You are a Sea Slug (Holothuroidea) - https://a-z-animals.com/media/animals/images/original/sea_slug6.jpg
You are a Sea Squirt (Urochordata) - https://a-z-animals.com/media/animals/images/original/sea_squirt6.jpg
You are a Sea Turtle (Chelonioidea) - https://a-z-animals.com/media/animals/images/original/sea_turtle1.jpg
You are a Sea Urchin (Echinoidea) - https://a-z-animals.com/media/animals/images/original/sea_urchin2.jpg
You are a Seahorse (Hippocampus) - https://a-z-animals.com/media/animals/images/original/seahorse8.jpg
You are a Seal (Phoca vitulina) - https://a-z-animals.com/media/animals/images/original/seal6.jpg
You are a Serval (Leptailurus serval) - https://a-z-animals.com/media/animals/images/original/serval7.jpg
You are a Sheep (Ovis Aries) - https://a-z-animals.com/media/animals/images/original/sheep9.jpg
You are a Shih Tzu - https://a-z-animals.com/media/animals/images/original/shih_tzu.jpg
You are a Shrimp (Caridea) - https://a-z-animals.com/media/animals/images/original/shrimp4.jpg
You are a Siamese - https://a-z-animals.com/media/animals/images/original/siamese.jpeg
You are a Siamese Fighting Fish (Betta Splendens) - https://a-z-animals.com/media/animals/images/original/siamese_fighting_fish3.jpg
You are a Siberian - https://a-z-animals.com/media/animals/images/original/siberian.jpg
You are a Siberian Husky - https://a-z-animals.com/media/animals/images/original/siberian_husky.jpg
You are a Siberian Tiger (Panthera Tigris Altaica) - https://a-z-animals.com/media/animals/images/original/siberian_tiger1.jpg
You are a Silver Dollar (Metynnis Argenteus) - https://a-z-animals.com/media/animals/images/original/silver_dollar1.jpg
You are a Skunk (Mephitis Mephitis) - https://a-z-animals.com/media/animals/images/original/skunk6.jpg
You are a Sloth (Choloepus Hoffmani) - https://a-z-animals.com/media/animals/images/original/sloth5.jpg
You are a Slow Worm (Anguis Fragilis) - https://a-z-animals.com/media/animals/images/original/slow_worm1.jpg
You are a Snail (Achatinoidea  ) - https://a-z-animals.com/media/animals/images/original/snail6.jpg
You are a Snake (Serpentes) - https://a-z-animals.com/media/animals/images/original/snake.jpg
You are a Snapping Turtle (Chelydridae) - https://a-z-animals.com/media/animals/images/original/snapping_turtle7.jpg
You are a Snowshoe - https://a-z-animals.com/media/animals/images/original/snowshoe2.jpg
You are a Snowy Owl (Bubo Scandiacus) - https://a-z-animals.com/media/animals/images/original/snowy_owl.jpg
You are a Somali - https://a-z-animals.com/media/animals/images/original/somali4.jpg
You are a South China Tiger (Panthera Tigris Amoyensis) - https://a-z-animals.com/media/animals/images/original/south_china_tiger.jpg
You are a Spadefoot Toad (Mesobatrachia) - https://a-z-animals.com/media/animals/images/original/spadefoot_toad2.jpg
You are a Sparrow (Passeridae) - https://a-z-animals.com/media/animals/images/original/sparrow8.jpg
You are a Spectacled Bear (Tremarctos Ornatus) - https://a-z-animals.com/media/animals/images/original/spectacled_bear.jpg
You are a Sperm Whale (Physeter Macrocephalus) - https://a-z-animals.com/media/animals/images/original/sperm_whale3.jpg
You are a Spider Monkey (Simia Paniscus) - https://a-z-animals.com/media/animals/images/original/spider_monkey.jpg
You are a Spiny Dogfish (Squalus Acanthias) - https://a-z-animals.com/media/animals/images/original/spiny_dogfish.jpg
You are a Sponge (Demospongiae) - https://a-z-animals.com/media/animals/images/original/sponge4.jpg
You are a Squid (Teuthida ) - https://a-z-animals.com/media/animals/images/original/squid5.jpg
You are a Squirrel (Sciuridae) - https://a-z-animals.com/media/animals/images/original/squirrel4.jpg
You are a Squirrel Monkey (Saimiri) - https://a-z-animals.com/media/animals/images/original/squirrel_monkey6.jpg
You are a Sri Lankan Elephant (Elephas Maximus Maximus) - https://a-z-animals.com/media/animals/images/original/sri_lankan_elephant.jpg
You are a Staffordshire Bull Terrier - https://a-z-animals.com/media/animals/images/original/staffordshire_bull_terrier.jpg
You are a Stag Beetle (Lucanidae  ) - https://a-z-animals.com/media/animals/images/original/stag_beetle2.jpg
You are a Starfish (Protoreaster Nodosus) - https://a-z-animals.com/media/animals/images/original/starfish3.jpg
You are a Stellers Sea Cow (Hydrodamalis Gigas) - https://a-z-animals.com/media/animals/images/original/stellers_sea_cow1.jpg
You are a Stick Insect (Phasmatodea) - https://a-z-animals.com/media/animals/images/original/stick_insect6.jpg
You are a Stingray (Dasyatis Centroura) - https://a-z-animals.com/media/animals/images/original/stingray2.jpg
You are a Stoat (Mustela Erminea) - https://a-z-animals.com/media/animals/images/original/stoat.jpg
You are a Striped Rocket Frog (Litoria Nasuta) - https://a-z-animals.com/media/animals/images/original/striped_rocket_frog1.jpg
You are a Sumatran Elephant (Elephas Maximus Sumatranus) - https://a-z-animals.com/media/animals/images/original/sumatran_elephant1.jpg
You are a Sumatran Orang-utan (Pongo abelii) - https://a-z-animals.com/media/animals/images/original/sumatran_orang-utan2.jpg
You are a Sumatran Rhinoceros (Dicerorhinus Sumatrensis) - https://a-z-animals.com/media/animals/images/original/sumatran_rhinoceros2.jpg
You are a Sumatran Tiger (Panthera Tigris Sumatrae) - https://a-z-animals.com/media/animals/images/original/sumatran_tiger6.jpg
You are a Sun Bear (Helarctos malayanus) - https://a-z-animals.com/media/animals/images/original/sun_bear1.jpg
You are a Swan (Cygnus Atratus) - https://a-z-animals.com/media/animals/images/original/swan6.jpg
You are a Tang (Acanthuridae) - https://a-z-animals.com/media/animals/images/original/tang3.jpg
You are a Tapanuli Orang-utan (Pongo tapanuliensis) - https://a-z-animals.com/media/animals/images/original/tapanuli_orang_utan.jpg
You are a Tapir (Tapirus) - https://a-z-animals.com/media/animals/images/original/tapir2.jpg
You are a Tarsier (Tarsius) - https://a-z-animals.com/media/animals/images/original/tarsier7.jpg
You are a Tasmanian Devil (Sarcophilus Harrisii) - https://a-z-animals.com/media/animals/images/original/tasmanian_devil2.jpg
You are a Tawny Owl (Strix Aluco) - https://a-z-animals.com/media/animals/images/original/tawny_owl1.jpg
You are a Termite (Isoptera) - https://a-z-animals.com/media/animals/images/original/termite3.jpg
You are a Tetra (Paracheirodon Axelrodi) - https://a-z-animals.com/media/animals/images/original/tetra2.jpg
You are a Thorny Devil (Moloch Horridus) - https://a-z-animals.com/media/animals/images/original/thorny_devil1.jpg
You are a Tibetan Mastiff - https://a-z-animals.com/media/animals/images/original/tibetan_mastiff.jpg
You are a Tiffany - https://a-z-animals.com/media/animals/images/original/tiffany1.jpg
You are a Tiger (Panthera Tigris) - https://a-z-animals.com/media/animals/images/original/tiger3.jpg
You are a Tiger Salamander (Ambystoma Tigrinum) - https://a-z-animals.com/media/animals/images/original/tiger_salamander1.jpg
You are a Tiger Shark (Galeocerdo Cuvier) - https://a-z-animals.com/media/animals/images/original/tiger_shark1.jpg
You are a Tortoise (Geochelone Elegans) - https://a-z-animals.com/media/animals/images/original/tortoise4.jpg
You are a Toucan (Ramphastos Toco) - https://a-z-animals.com/media/animals/images/original/toucan3.jpg
You are a Tree Frog (Hyla) - https://a-z-animals.com/media/animals/images/original/tree_frog7.jpg
You are a Tropicbird (Phaethon) - https://a-z-animals.com/media/animals/images/original/tropicbird.jpg
You are a Tuatara (Sphenodon Punctatus) - https://a-z-animals.com/media/animals/images/original/tuatara.jpg
You are a Turkey (Meleagris) - https://a-z-animals.com/media/animals/images/original/turkey3.jpg
You are a Turkish Angora - https://a-z-animals.com/media/animals/images/original/turkish_angora4.jpg
You are a Uakari (Cacajao) - https://a-z-animals.com/media/animals/images/original/uakari_4.jpg
You are a Uguisu (Cettia diphone) - https://a-z-animals.com/media/animals/images/original/uguisu.jpg
You are a Umbrellabird (Cephalopterus) - https://a-z-animals.com/media/animals/images/original/umbrellabird_5.jpg
You are a Vampire Bat (Desmodontinae) - https://a-z-animals.com/media/animals/images/original/vampire_bat4.jpg
You are a Vervet Monkey (Chlorocebus pygerythrus) - https://a-z-animals.com/media/animals/images/original/vervet_monkey_9.jpg
You are a Vulture (Aegypius Monachus) - https://a-z-animals.com/media/animals/images/original/vulture1.jpg
You are a Wallaby (Macropus) - https://a-z-animals.com/media/animals/images/original/wallaby1.jpg
You are a Walrus (Odobenus rosmarus) - https://a-z-animals.com/media/animals/images/original/walrus.jpg
You are a Warthog (Phacochoerus Africanus) - https://a-z-animals.com/media/animals/images/original/warthog1.jpg
You are a Wasp (Hymenoptera) - https://a-z-animals.com/media/animals/images/original/wasp3.jpg
You are a Water Buffalo (Bubalus Bubalis) - https://a-z-animals.com/media/animals/images/original/water_buffalo4.jpg
You are a Water Dragon (Physignathus) - https://a-z-animals.com/media/animals/images/original/water_dragon.jpg
You are a Water Vole (Arvicola amphibius) - https://a-z-animals.com/media/animals/images/original/water_vole_7.jpg
You are a Weasel (Mustela nivalis) - https://a-z-animals.com/media/animals/images/original/weasel_4.jpg
You are a Welsh Corgi - https://a-z-animals.com/media/animals/images/original/welsh_corgi.jpg
You are a West Highland Terrier - https://a-z-animals.com/media/animals/images/original/west_highland_terrier.jpg
You are a Western Gorilla (Gorilla Gorilla) - https://a-z-animals.com/media/animals/images/original/western_gorilla3.jpg
You are a Western Lowland Gorilla (Gorilla Gorilla Gorilla) - https://a-z-animals.com/media/animals/images/original/western_lowland_gorilla3.jpg
You are a Whale Shark (Rhincodon Typus) - https://a-z-animals.com/media/animals/images/original/whale_shark.jpg
You are a Whippet - https://a-z-animals.com/media/animals/images/original/whippet.jpg
You are a White Faced Capuchin (Cebus Capucinus) - https://a-z-animals.com/media/animals/images/original/white_faced_capuchin6.jpg
You are a White Rhinoceros (Ceratotherium simum) - https://a-z-animals.com/media/animals/images/original/white_rhino_15.jpg
You are a White Tiger (Panthera tigris tigris) - https://a-z-animals.com/media/animals/images/original/white_tiger2.jpg
You are a Wild Boar (Sus scrofa) - https://a-z-animals.com/media/animals/images/original/wild_boar.jpg
You are a Wildebeest (Connochaetes Taurinus) - https://a-z-animals.com/media/animals/images/original/wildebeest9.jpg
You are a Wolf (Canis Rufus) - https://a-z-animals.com/media/animals/images/original/wolf_7.jpg
You are a Wolverine (Gulo Gulo) - https://a-z-animals.com/media/animals/images/original/wolverine7.jpg
You are a Wombat (Vombatus Ursinus) - https://a-z-animals.com/media/animals/images/original/wombat4.jpg
You are a Woodlouse (Oniscidea) - https://a-z-animals.com/media/animals/images/original/woodlouse4.jpg
You are a Woodpecker (Picidae) - https://a-z-animals.com/media/animals/images/original/woodpecker3.jpg
You are a Woolly Mammoth (Mammuthus Primigenius) - https://a-z-animals.com/media/animals/images/original/woolly_mammoth2.jpg
You are a Woolly Monkey (Lagothrix Lagotricha) - https://a-z-animals.com/media/animals/images/original/woolly_monkey3.jpg
You are a Wrasse (Labridae) - https://a-z-animals.com/media/animals/images/original/wrasse5.jpg
You are a X-Ray Tetra (Pristella maxillaris) - https://a-z-animals.com/media/animals/images/original/x-ray_tetra.jpg
You are a Yak (Bos Grunniens) - https://a-z-animals.com/media/animals/images/original/yak2.jpg
You are a Yellow-Eyed Penguin (Megadyptes Antipodes) - https://a-z-animals.com/media/animals/images/original/yellow-eyed_penguin2.jpg
You are a Yorkshire Terrier - https://a-z-animals.com/media/animals/images/original/yorkshire_terrier1.jpg
You are a Zebra (Equus zebra, Equus quagga, Equus grevyi) - https://a-z-animals.com/media/animals/images/original/zebra_8.jpg
You are a Zebra Shark (Stegostoma Fasciatum) - https://a-z-animals.com/media/animals/images/original/zebra_shark.jpg
You are a Zebu (Bos Primigenius Indicus) - https://a-z-animals.com/media/animals/images/original/zebu.jpg
You are a Zonkey (Equus zebra x Equus asinus) - https://a-z-animals.com/media/animals/images/original/zonkey2.jpg
You are a Zorse (Equus zebra x Equus caballus) - https://a-z-animals.com/media/animals/images/original/zorse.jpg
<@!276972608941981698>'s pussy! - https://cdn.discordapp.com/attachments/515281200894443530/533219184059088896/IMG_20190106_031411.jpg
You are a great and humble Proctor! As such you get a cookie and a smile :) <@442014182767067150>
